{
  "accuracy": 0.9285714285714286,
  "precision": 0.875,
  "recall": 1.0,
  "f1": 0.9333333333333333,
  "roc_auc": 0.8979591836734694
}